{"size": [1504.3554681702792, 877.1891190249015], "bed": [2.5728373364577233, 0.8988136503369384], "bath": [2.4749072446787737, 0.9836612483283054]}